"/what-we-do/rawminds-project-film-out-wild", "RawMinds project film: Out of the Wild"
"/what-we-do/somers-light", "Somers Light"
"/what-we-do/midsummer-picnic", "Midsummer Picnic"
"/what-we-do/bloomsbury-festival", "Bloomsbury Festival "
"/visit-us/support-voice-hearing", "Support for voice hearing"
"/young-people", "Young people"
"/visit-us/blot-video", "BLOT! video"
"/what-we-do/healers-dharavi", "Healers of Dharavi"
"/what-we-do/odetosex-terms-and-conditions", "#OdeToSex terms and conditions"
"/what-we-do/rawminds-project-film-roots", "RawMinds project film: The Roots"
"/what-we-do/institute-sexology-resources-schools", "Institute of Sexology resources for schools"
"/what-we-do/london-sounds", "London Sounds"
"/what-we-do/where-were-going", "Where we're going"
"/what-we-do/thank-you-completing-survey", "Thank you for completing the survey "
"/works", "Our collections online"
"/wellcome-collection-is-growing/whats-changing", "What's changing"
"/what-we-do/young-people-respond-superhuman", "Young people respond to Superhuman"
"/whats-on/exhibitions/death-a-self-portrait/young-people-respond", "Mortal: A drama"
"/what-we-do/your-questions-answered", "Your questions answered"
"/visit-us/schools-and-youth-groups/young-people-respond/film-making-with-csu", "Film making with Camden Summer University"
"/what-we-do/youth-consultation", "Youth consultation"
"/visit-us/reimagining-human-relations-our-time-tavistock-institute-festival", "Reimagining Human Relations in Our Time: Tavistock Institute Festival", "visit-us"
"/what-we-do/youth-and-community-projects-2013", "Youth and community projects 2013"
"/visit-us/sharing-nature-terms-conditions", "Sharing Nature terms & conditions", "visit-us"
"/visit-us/rawminds-presents-reimagining-man-cave", "RawMinds Presents: Reimagining the Man Cave ", "visit-us"
"/visit-us/more-voices", "More Voices", "visit-us"
"/visit-us/curiosities-month-video-gallery", "Curiosities of the Month: video gallery", "visit-us"
"/visit-us/activities-and-contributors-0", "Activities and contributors", "visit-us"
"/visit-us/bobby-baker-kunsthall-stavanger", "Bobby Baker at Kunsthall Stavanger", "visit-us"
"/visit-us/links-states-mind-student-resource-0", "Links for the States of Mind student resource", "visit-us"
"/what-we-do/brighton-sounds", "Brighton Sounds"
"/what-we-do/rawminds-summer-filmmaking-project-2017", "RawMinds summer filmmaking project 2017"
"/visit-us/contributors", "Contributors", "visit-us"
"/visit-us/bigger-bolder-braver", "Bigger, Bolder, Braver", "visit-us"
"/criminel", "Criminel", "visit-us"
"/visit-us/forensics-image-gallery-listing-page", "Forensics image gallery listing page", "visit-us"
"/sexologyseasonglasgow", "Glasgow", "visit-us"
"/visit-us/bernard-spilsbury%E2%80%99s-case-cards", "Bernard Spilsbury’s case cards", "visit-us"
"/visit-us/programme-what-potential", "Programme: What is Potential? ", "visit-us"
"/visit-us/ballsier", "Ballsier", "visit-us"
"/visit-us/wellcome-caf%C3%A9", "Wellcome Café", "visit-us"
