"/sheep-pig-goat-film", "Sheep Pig Goat", "visit-us"
"/visit-us/planning-your-visit-during-why-music-key-memory", "Planning your visit during 'Why Music? The Key to Memory'", "visit-us"
"/visit-us/naturalhabitatgallery", "Natural Habitat project gallery", "visit-us"
"/visit-us/notes-process", "Notes on the process", "visit-us"
"/visit-us/team", "The team", "visit-us"
"/fresh-adventures-refrigeration-menu", "FRESH: Adventures in Refrigeration - menu ", "visit-us"
"/visit-us/full-list-activities-and-contributors", "Full list of activities and contributors ", "visit-us"
"/visit-us/object-guidelines-and-faqs", "Object Guidelines and FAQs", "visit-us"
"/visit-us/activities-and-contributors-1", "Activities and Contributors", "visit-us"
"/visit-us/making", "Making", "visit-us"
"/visit-us/observing", "Observing", "visit-us"
"/sheep-pig-goat-frequently-asked-questions", "Sheep Pig Goat: Frequently Asked Questions", "visit-us"
"/visit-us/displaying", "Displaying", "visit-us"
"/visit-us/ordering", "Ordering", "visit-us"
"/visit-us/introduction", "Introduction", "visit-us"
"/spiritbooth", "S.P.I.R.I.T BOOTH", "visit-us"
"/visit-us/automated-empathy", "Automated Empathy", "visit-us"
"/visit-us/festive-opening-hours", "Festive Opening Hours", "visit-us"
"/visit-us/our-competitions-facebook-terms-and-conditions", "Our competitions on Facebook and Twitter - terms and conditions","visit-us"
"/visit-us/about-empathy-deck", "About Empathy Deck", "visit-us"
"/empathydeck", "Erica Scourti: Empathy Deck", "visit-us"
"/visit-us/skeletons-our-buried-bones", "Now on - Skeletons: Our Buried Bones", "visit-us"
"/visit-us/proposing-exhibition", "Proposing an exhibition", "visit-us"
"/visit-us/graduate-training-programme-0", "Graduate Training Programme", "visit-us"
"/visit-us/proposing-book", "Proposing a book", "visit-us"
"/visit-us/proposing-public-event", "Proposals for the live programme", "visit-us"
"/visit-us/curiosities-month", "Curiosities from the Collection", "visit-us"
"/chorus", "Chorus online by Matthew Herbert", "visit-us"
"/visit-us/trails", "Trails", "visit-us"
"/tours", "Tours and discussions", "visit-us"
"/visit-us/lates", "Lates", "visit-us"
"/visit-us/stay-later-thursdays", "Stay later on Thursdays", "visit-us"
"/visit-us/enter-forensics-medicine-and-media-early-19th-century", "Enter Forensics: Medicine and the media in the early 19th century", "visit-us"
"/busytimes", "Entry at busy times", "visit-us"
"/visit-us/wellcome-kitchen", "Wellcome Kitchen", "visit-us"
"/visit-us/photography", "Photography", "visit-us"
"/visit-us/eat-and-shop", "Eat and shop", "visit-us"
"/visit-us/young-explorer-pack", "Young Explorer's Pack", "visit-us"
"/visit-us/cloakroom", "Cloakroom", "visit-us"
"/visit-us/accessibility", "Accessibility", "visit-us"
"/visit-us/visitor-care-statement", "Visitor Care Statement", "visit-us"
"/event-spaces/location", "Location", "visit-us"
"/visit-us/wellcome-library", "The Library", "visit-us"
"/visit-us/facilities", "Facilities", "visit-us"
"/visit-us/group-visits", "Group visits", "visit-us"
"/what-we-do/ideas-hub-who-can-apply", "Who can apply to Ideas Hub?", "what-we-do"
"/visit-us/events-tickets", "Events tickets", "visit-us"
"/what-we-do/research-network", "Research Network", "what-we-do"
"/what-we-do/whats-involved", "What's involved?", "what-we-do"
"/keep-in-touch-with-hub", "Keep in touch", "what-we-do"
"/what-we-do/frequently-asked-questions-0", "Frequently asked questions", "what-we-do"
"/what-we-do/hub-award", "The Hub Award", "what-we-do"
"/what-we-do/created-out-mind", "Created Out of Mind", "what-we-do"
"/what-we-do/ideas-hub", "Ideas Hub", "what-we-do"
"/what-we-do/hubbub", "Hubbub", "what-we-do"
"/what-we-do/safeguarding-children-and-vulnerable-adults-policy", "Safeguarding children and vulnerable adults policy", "what-we-do"
"/what-we-do/rawminds-summer-filmmaking-project", "RawMinds summer filmmaking project", "what-we-do"
"/what-we-do/rawminds-ambassadors-panel", "RawMinds Ambassadors Panel", "what-we-do"
"/what-we-do/previous-saturday-studios", "Previous Saturday Studios", "what-we-do"
"/what-we-do/outsider-art-community-workshops", "Outsider Art community workshops", "what-we-do"
"/what-we-do/rawminds-public-speaking-and-presentation-project", "RawMinds Public Speaking and Presentation Project", "what-we-do"
"/young-people", "Young people", "what-we-do"
"/vocalexercises", "Vocal exercises", "what-we-do"
"/what-we-do/community", "Community", "what-we-do"
"/what-we-do/working-wellcome-collection", "Working with Wellcome Collection", "what-we-do"
"/schools", "Schools", "what-we-do"
"/visit-us/it-could-happen-anyone", "It could happen to anyone", "what-we-do"
"/what-we-do/states-mind-learning-resource", "States of Mind learning resource", "what-we-do"
"/visit-us/tabiyat-medicine-and-healing-india", "Tabiyat: Medicine and Healing in India", "what-we-do"
"/sleepstories", "Sleep Stories in the Reading Room", "what-we-do"
"/what-we-do/rawminds-creative-merchandise", "RawMinds: Creative Merchandise", "what-we-do"
"/what-we-do/tools-trade", "Tools of the Trade", "what-we-do"
"/visit-us/rawminds-creative-audio-project", "Raw Emotion creative audio project", "what-we-do"
"/visit-us/learning-resources-permanent-exhibitions", "Learning resources for permanent exhibitions", "what-we-do"
"/electricitytouring", "Now on - Electricity at Teylers, Haarlem", "what-we-do"
"/what-we-do/rawminds-trailer", "RawMinds Trailer", "what-we-do"
"/rawminds", "RawMinds", "what-we-do"
"/thecollectors", "The Collectors", "what-we-do"
"/medicinecorner", "Medicine Corner", "what-we-do"
"/mindcraft", "Mindcraft", "what-we-do"
"/sexologyresource", "Institute of Sexology learning resource", "what-we-do"
"/what-we-do/food-and-drink", "Food and drink", "what-we-do"
"/transvengers", "Transvengers", "what-we-do"
"/what-we-do/venue-hire", "Venue hire", "what-we-do"
"/what-we-do/library-collections-online", "Library collections online", "what-we-do"
"/what-we-do/youth-and-schools", "Youth and schools", "what-we-do"
"/what-we-do/previous-touring-exhibitions", "Previous touring exhibitions", "what-we-do"
"/what-we-do/art-global-health", "Art in Global Health", "what-we-do"
"/what-we-do/touring-exhibitions", "Touring exhibitions", "what-we-do"
"/what-we-do/curious-conversations", "Curious conversations", "what-we-do"
"/what-we-do/projects", "Projects", "what-we-do"
"/what-we-do/introducing-henry-wellcome", "Introducing Henry Wellcome", "what-we-do"
"/what-we-do/residents", "Residents", "what-we-do"
"/what-we-do/interested", "Interested?", "what-we-do"
"/what-we-do/wellcome-trust", "Wellcome Trust", "what-we-do"
"/what-we-do/wellcome-images", "Wellcome Images", "what-we-do"
"/what-we-do/frequently-asked-questions", "Frequently Asked Questions", "what-we-do"
"/what-we-do/space", "The space", "what-we-do"
"/what-we-do/collection-enquiries", "Collection enquiries", "what-we-do"
"/what-we-do/learning-resources", "Learning resources", "what-we-do"
"/what-we-do/access", "Access", "what-we-do"
"/what-we-do/henry-wellcome-auditorium", "Henry Wellcome Auditorium", "what-we-do"
"/what-we-do/terms-conditions", "Terms & conditions", "what-we-do"
"/what-we-do/williams-lounge", "Williams Lounge", "what-we-do"
"/what-we-do/franks-and-steel-rooms", "Franks and Steel Rooms", "what-we-do"
"/event-spaces/rooms/burroughs-room", "Burroughs Room", "what-we-do"
"/event-spaces/rooms/medicine-now-gallery", "Medicine Now Gallery", "what-we-do"
"/what-we-do/about-wellcome-collection", "About Wellcome Collection", "what-we-do"
"/what-we-do/dale-room", "Dale Room", "what-we-do"
"/what-we-do/hub", "What is The Hub?", "what-we-do"
